"0","t <- all_data[c(1,2,4,6,8,10,86,87)] "
"0","t %>% filter(desirability == 100) -> t1"
"0","t1$desirability_group <- ""desirability100(62/107)"""
"0","t1 -> d"
"0","t %>% filter(desirability == ""100+"") -> t1"
"0","t1$desirability_group <- ""desirability100+(16/107)"""
"0","rbind(d,t1) -> d"
"0","t %>% filter(desirability != 100 & desirability != ""100+"") -> t1"
"0","t1$desirability_group <- ""desirability100-(29/107)"""
"0","rbind(d,t1) -> d"
"0",""
"0","desirability_group_order <- c(""desirability100-(29/107)"",""desirability100(62/107)"",""desirability100+(16/107)"")"
"0","d$desirability_group  <- factor(d$desirability_group, levels = desirability_group_order)"
"0",""
"0","d <- gather(d, key=""feasibility"", value=""probability"", -c(""no"",""IAM"",""IPCC"",""desirability"",""desirability_group""))"
"0","d -> d1"
"0",""
"0",""
"0","d1 -> t"
"0","t %>% filter(desirability_group == ""desirability100-(29/107)"") -> t"
"0","t %>% group_by(feasibility,probability) %>% tally() -> t"
"0","t %>% group_by(feasibility) %>% summarise(sum_n = sum(n)) %>% ungroup() -> t1"
"0","right_join(t,t1,by = ""feasibility"") -> t"
"0","t$share = t$n / t$sum_n * 100"
"0","t$group <- ""desirability100-(29/107)"""
"0","t -> d"
"0",""
"0","d1 -> t"
"0","t %>% filter(desirability_group == ""desirability100(62/107)"") -> t"
"0","t %>% group_by(feasibility,probability) %>% tally() -> t"
"0","t %>% group_by(feasibility) %>% summarise(sum_n = sum(n)) %>% ungroup() -> t1"
"0","right_join(t,t1,by = ""feasibility"") -> t"
"0","t$share = t$n / t$sum_n * 100"
"0","t$group <- ""desirability100(62/107)"""
"0","rbind(t,d) -> d"
"0",""
"0","d1 -> t"
"0","t %>% filter(desirability_group == ""desirability100+(16/107)"") -> t"
"0","t %>% group_by(feasibility,probability) %>% tally() -> t"
"0","t %>% group_by(feasibility) %>% summarise(sum_n = sum(n)) %>% ungroup() -> t1"
"0","right_join(t,t1,by = ""feasibility"") -> t"
"0","t$share = t$n / t$sum_n * 100"
"0","t$group <- ""desirability100+(16/107)"""
"0","rbind(t,d) -> d"
