"0","all_data[c(1,86:87)] -> group"
"0","right_join(barrier_all,group,by = ""no"") -> barrier_all"
"0","barrier_all %>% filter(barrier_all$`IAM` == ""0"" & barrier_all$`IPCC` == ""0"") -> barrier"
"0",""
"0","t <- NULL"
"0","t$mean_probability <- tapply(barrier$probability, barrier$barrier, mean)"
"0","t$mean_impact      <- tapply(barrier$impact,      barrier$barrier, mean)"
"0","t$sd_probability   <- tapply(barrier$probability, barrier$barrier, sd)"
"0","t$sd_impact        <- tapply(barrier$impact,      barrier$barrier, sd)"
"0","t         <- data.frame(t)"
"0","t$barrier <- rownames(t)"
"0",""
"0","right_join(t,type,by=""barrier"") -> t"
"0",""
"0",""
"0","t %>% "
"0","  ggplot(aes(x = mean_probability, y = mean_impact, label = barrier_actor,color=type)) + "
"0","  geom_point() + geom_text_repel() +"
"0","  geom_vline(xintercept = 0.5, linetype = 2, color = ""dark grey"") +"
"0","  geom_hline(yintercept = 3, linetype = 2, color = ""dark grey"") +"
"0","  xlim(c(0,1)) + ylim(c(1,5)) +"
"0","  labs(title = ""Probability and impact of all barriers (Non-IPCC/IAM group 79)"","
"0","       subtitle = ""Probability: the probability of each factor acting/becoming as a barrier\nImpact: the degree to which each factor hinders the feasibility of achieving carbon neutrality\nActor: Government(G), Business(B),Citizen(C)"") +"
"0","  theme_bw() -> p"
"0",""
"0","print(p)"
