"0","d -> d1"
"0",""
"0","probability_order <- c("">= 90%"","">= 66%"",""33-66%"",""<=33%"",""<=10%"")"
"0","rev(probability_order) -> probability_order"
"0","d1$probability <- factor(d1$probability, levels = probability_order)"
"0",""
"0","feasibility_order <- c(""feasibility80"",""feasibility90"",""feasibility100"",""feasibility110"")"
"0","d1$feasibility <- factor(d1$feasibility, levels = feasibility_order)"
"0",""
"0","d1 -> d"
"0",""
"0","d %>%"
"0","  ggplot() +"
"0","  theme_bw() +"
"0","  labs(title = ""Feasibility"","
"0","  subtitle = ""To what extent do you think Japan's 2050 GHG reduction goal will be feasible?"","
"0","  x = """", y = ""Share (%)"") +"
"0","  geom_bar(aes(x = probability, y = share, fill = probability), stat = ""identity"") +"
"0","  scale_fill_brewer(palette=""RdYlGn"") +"
"0","  theme(axis.text.x = element_text(angle = 45, hjust = 1)) +"
"0","  facet_grid(group~feasibility) -> p"
"0",""
"0","print(p)"
