"0","t <- NULL"
"0","t$mean_probability <- tapply(barrier$probability, barrier$barrier, mean)"
"0","t$mean_impact      <- tapply(barrier$impact,      barrier$barrier, mean)"
"0","t$sd_probability   <- tapply(barrier$probability, barrier$barrier, sd)"
"0","t$sd_impact        <- tapply(barrier$impact,      barrier$barrier, sd)"
"0","t         <- data.frame(t)"
"0","t$barrier <- rownames(t)"
"0",""
"0","type <- data.frame(barrier = t$barrier, "
"0","                   barrier_actor = c("
"0","                            ""(G) national_strategy"","
"0","                            ""(G) scientific_involvement"","
"0","                            ""(G) local_capacities"","
"0","                            ""(B) energy_supply_tech"","
"0","                            ""(B) cdr_tech"","
"0","                            ""(B) enduse_tech"","
"0","                            ""(B) hard-to-abate_sectors"","
"0","                            ""(C) re_concerns"","
"0","                            ""(C) ccs_concerns"","
"0","                            ""(C) nuclear_concerns"","
"0","                            ""(B) infra_investment"","
"0","                            ""(B) power_imbalance"","
"0","                            ""(B) industry_awareness"","
"0","                            ""(B) digitalization"","
"0","                            ""(C) mass_media"","
"0","                            ""(C) social_movement"","
"0","                            ""(B) c_tax_resistance"","
"0","                            ""(B) labor_supply"","
"0","                            ""(G) enduse_regulation"","
"0","                            ""(B) green_recovery"","
"0","                            ""(G) external_pressure"","
"0","                            ""(G) intl_credits""),"
"0","                   type = c(""institutional"", "
"0","                            ""institutional"","
"0","                            ""institutional"","
"0","                            ""techno_economic"","
"0","                            ""techno_economic"","
"0","                            ""techno_economic"","
"0","                            ""techno_economic"","
"0","                            ""socio_cultural"","
"0","                            ""socio_cultural"","
"0","                            ""socio_cultural"","
"0","                            ""techno_economic"","
"0","                            ""institutional"","
"0","                            ""socio_cultural"","
"0","                            ""techno_economic"","
"0","                            ""socio_cultural"","
"0","                            ""socio_cultural"","
"0","                            ""socio_cultural"","
"0","                            ""techno_economic"","
"0","                            ""institutional"","
"0","                            ""techno_economic"","
"0","                            ""socio_cultural"","
"0","                            ""institutional""))"
"0",""
"0","#type"
"0",""
"0","right_join(t,type,by=""barrier"") -> t"
"0",""
"0","t %>% "
"0","  ggplot(aes(x = mean_probability, y = mean_impact, label = barrier_actor,color=type)) + "
"0","  geom_point() + geom_text_repel() +"
"0","  geom_vline(xintercept = 0.5, linetype = 2, color = ""dark grey"") +"
"0","  geom_hline(yintercept = 3, linetype = 2, color = ""dark grey"") +"
"0","  xlim(c(0,1)) + ylim(c(1,5)) +"
"0","  labs(title = ""Probability and impact of all barriers"","
"0","       subtitle = ""Probability: the probability of each factor acting/becoming as a barrier\nImpact: the degree to which each factor hinders the feasibility of achieving carbon neutrality\nActor: Government(G), Business(B),Citizen(C)"") +"
"0","  theme_bw() -> p"
"0",""
"0","print(p)"
