"0","barrier_order <- c(""b1"",""b2"",""b3"",""b4"",""b5"",""b6"",""b7"",""b8"",""b9"",""b10"",""b11"",""b12"",""b13"",""b14"",""b15"",""b16"",""b17"",""b18"",""b19"",""b20"",""b21"",""b22"")"
"0",""
"0","barrier_short <- c("
"0","  ""national_strategy"","
"0","  ""scientific_involvement"","
"0","  ""local_capacities"", "
"0","  ""energy_supply_tech"","
"0","  ""cdr_tech"","
"0","  ""enduse_tech"", "
"0","  ""hard-to-abate_sectors"","
"0","  ""re_concerns"","
"0","  ""ccs_concerns"","
"0","  ""nuclear_concerns"","
"0","  ""infra_investment"","
"0","  ""power_imbalance"", "
"0","  ""industry_awareness"","
"0","  ""digitalization"","
"0","  ""mass_media"","
"0","  ""social_movement"", "
"0","  ""c_tax_resistance"", "
"0","  ""labor_supply"", "
"0","  ""enduse_regulation"", "
"0","  ""green_recovery"", "
"0","  ""external_pressure"", "
"0","  ""intl_credits"")"
"0",""
"0","#probability"
"0","t <- all_data[c(1,12:33)]"
"0","t <- t %>% gather(key = barrier, value = value, -no)"
"0","t$variable <- substr(t$barrier, 1, regexpr(""\\|"",t$barrier)-1)"
"0","t$barrier  <- substr(t$barrier, regexpr(""\\|"",t$barrier)+1,nchar(t$barrier))"
"0","t$value    <- as.factor(t$value)"
"0",""
"0","for (i in 1:nlevels(as.factor(t$barrier))){"
"0","  t[t$barrier %in% barrier_order[i],""barrier_short""] <- barrier_short[i]"
"0","}"
"0","t$barrier <- t$barrier_short"
"0","t <- t[colnames(t) != c(""barrier_short"")]"
"0","t$barrier  <- factor(t$barrier, levels = barrier_short)"
"0",""
"0",""
"0","t$value <- lapply(t$value, gsub, pattern=""5"", replacement = ""a"")"
"0","t$value <- lapply(t$value, gsub, pattern=""1"", replacement = ""0.05"")"
"0","t$value <- lapply(t$value, gsub, pattern=""2"", replacement = ""0.215"")"
"0","t$value <- lapply(t$value, gsub, pattern=""3"", replacement = ""0.50"")"
"0","t$value <- lapply(t$value, gsub, pattern=""4"", replacement = ""0.78"")"
"0","t$value <- lapply(t$value, gsub, pattern=""a"", replacement = ""0.95"")"
"0","t$value <- as.numeric(t$value)"
"0","colnames(t)[3] <- c(""probability"")"
"0","t <- t[-4]"
"0","barrier <- t"
"0",""
"0","#impact"
"0","t <- all_data[c(1,34:55)]"
"0","t <- t %>% gather(key = barrier, value = value, -no)"
"0","t$variable <- substr(t$barrier, 1, regexpr(""\\|"",t$barrier)-1)"
"0","t$barrier  <- substr(t$barrier, regexpr(""\\|"",t$barrier)+1,nchar(t$barrier))"
"0","t$value    <- as.factor(t$value)"
"0",""
"0","for (i in 1:nlevels(as.factor(t$barrier))){"
"0","  t[t$barrier %in% barrier_order[i],""barrier_short""] <- barrier_short[i]"
"0","}"
"0","t$barrier <- t$barrier_short"
"0","t <- t[colnames(t) != c(""barrier_short"")]"
"0","t$barrier  <- factor(t$barrier, levels = barrier_short)"
"0",""
"0","t$value <- as.numeric(t$value)"
"0","colnames(t)[3] <- c(""impact"")"
"0","t    <- t[-4]"
"0","barrier <- merge(barrier, t, all = T)"
"0",""
"0","barrier -> barrier_all"
