{"chunk_definitions":[{"row":23,"row_count":1,"visible":true,"expansion_state":0,"options":{"engine":"r","label":"unnamed-chunk-2"},"document_id":"FCA1F5D1","chunk_id":"ci6sz5bhkv1w8","chunk_label":"unnamed-chunk-1"},{"row":28,"row_count":1,"visible":true,"expansion_state":0,"options":{"engine":"r","label":"unnamed-chunk-3"},"document_id":"FCA1F5D1","chunk_id":"cgj2eu4qr0z2f","chunk_label":"unnamed-chunk-2"},{"row":75,"row_count":1,"visible":true,"expansion_state":0,"options":{"engine":"r","label":"unnamed-chunk-30"},"document_id":"FCA1F5D1","chunk_id":"cuqiwtyc6cr3h","chunk_label":"unnamed-chunk-3"},{"row":102,"row_count":1,"visible":true,"expansion_state":0,"options":{"engine":"r","label":"unnamed-chunk-5"},"document_id":"FCA1F5D1","chunk_id":"cw4z3uu62f17k","chunk_label":"unnamed-chunk-4"},{"row":166,"row_count":1,"visible":true,"expansion_state":0,"options":{"engine":"r","label":"unnamed-chunk-6"},"document_id":"FCA1F5D1","chunk_id":"c15h4g3zzyx0p","chunk_label":"unnamed-chunk-5"},{"row":191,"row_count":1,"visible":true,"expansion_state":0,"options":{"engine":"r","label":"unnamed-chunk-7"},"document_id":"FCA1F5D1","chunk_id":"cj4i4i3za3b61","chunk_label":"unnamed-chunk-6"},{"row":235,"row_count":1,"visible":true,"expansion_state":0,"options":{"engine":"r","label":"unnamed-chunk-8"},"document_id":"FCA1F5D1","chunk_id":"ci8w3j19bup3p","chunk_label":"unnamed-chunk-7"},{"row":284,"row_count":1,"visible":true,"expansion_state":0,"options":{"engine":"r","label":"unnamed-chunk-34"},"document_id":"FCA1F5D1","chunk_id":"csm1ouy0mvgsx","chunk_label":"unnamed-chunk-8"},{"row":313,"row_count":1,"visible":true,"expansion_state":0,"options":{"engine":"r","label":"unnamed-chunk-12"},"document_id":"FCA1F5D1","chunk_id":"cb65onku0h017","chunk_label":"unnamed-chunk-9"},{"row":390,"row_count":1,"visible":true,"expansion_state":0,"options":{"engine":"r","label":"unnamed-chunk-13"},"document_id":"FCA1F5D1","chunk_id":"cpr1jcdqo8adp","chunk_label":"unnamed-chunk-10"},{"row":466,"row_count":1,"visible":true,"expansion_state":0,"options":{"engine":"r","label":"unnamed-chunk-14"},"document_id":"FCA1F5D1","chunk_id":"cf0mzeroof3e9","chunk_label":"unnamed-chunk-11"},{"row":499,"row_count":1,"visible":true,"expansion_state":0,"options":{"engine":"r","label":"unnamed-chunk-15"},"document_id":"FCA1F5D1","chunk_id":"cmzsw1b5uaiib","chunk_label":"unnamed-chunk-12"},{"row":533,"row_count":1,"visible":true,"expansion_state":0,"options":{"engine":"r","label":"unnamed-chunk-16"},"document_id":"FCA1F5D1","chunk_id":"c3tvjwg5qup0e","chunk_label":"unnamed-chunk-13"},{"row":583,"row_count":1,"visible":true,"expansion_state":0,"options":{"engine":"r","label":"unnamed-chunk-17"},"document_id":"FCA1F5D1","chunk_id":"c47dibqleucud","chunk_label":"unnamed-chunk-14"},{"row":603,"row_count":1,"visible":true,"expansion_state":0,"options":{"engine":"r","label":"unnamed-chunk-18"},"document_id":"FCA1F5D1","chunk_id":"c6vh30jdegbno","chunk_label":"unnamed-chunk-15"},{"row":641,"row_count":1,"visible":true,"expansion_state":0,"options":{"engine":"r","label":"unnamed-chunk-52"},"document_id":"FCA1F5D1","chunk_id":"c89ovkpdaksg5","chunk_label":"unnamed-chunk-16"},{"row":678,"row_count":1,"visible":true,"expansion_state":0,"options":{"engine":"r","label":"unnamed-chunk-45"},"document_id":"FCA1F5D1","chunk_id":"crh1s9eswt23h","chunk_label":"unnamed-chunk-17"},{"row":723,"row_count":1,"visible":true,"expansion_state":0,"options":{"engine":"r","label":"unnamed-chunk-47"},"document_id":"FCA1F5D1","chunk_id":"cxhvihq03d844","chunk_label":"unnamed-chunk-18"},{"row":772,"row_count":1,"visible":true,"expansion_state":0,"options":{"engine":"r","label":"unnamed-chunk-48"},"document_id":"FCA1F5D1","chunk_id":"ctdqlh5tby0xk","chunk_label":"unnamed-chunk-19"},{"row":808,"row_count":1,"visible":true,"expansion_state":0,"options":{"engine":"r","label":"unnamed-chunk-50"},"document_id":"FCA1F5D1","chunk_id":"cbmtlixi7klcx","chunk_label":"unnamed-chunk-20"},{"row":860,"row_count":1,"visible":true,"expansion_state":0,"options":{"engine":"r","label":"unnamed-chunk-51"},"document_id":"FCA1F5D1","chunk_id":"cnl2jttibnyxt","chunk_label":"unnamed-chunk-21"},{"row":883,"row_count":1,"visible":true,"expansion_state":0,"options":{"engine":"r","label":"unnamed-chunk-23"},"document_id":"FCA1F5D1","chunk_id":"czcznm2yqlwpp","chunk_label":"unnamed-chunk-22"}],"doc_write_time":1684756461,"chunk_rendered_width":700}