{"chunk_definitions":[{"row":23,"row_count":1,"visible":true,"expansion_state":0,"options":{"engine":"r","label":"unnamed-chunk-19"},"document_id":"CF648650","chunk_id":"cnqth6dxqakp9","chunk_label":"unnamed-chunk-1"},{"row":28,"row_count":1,"visible":true,"expansion_state":0,"options":{"engine":"r","label":"unnamed-chunk-20"},"document_id":"CF648650","chunk_id":"cpb6yn6188fqg","chunk_label":"unnamed-chunk-2"},{"row":75,"row_count":1,"visible":true,"expansion_state":0,"options":{"engine":"r","label":"unnamed-chunk-50"},"document_id":"CF648650","chunk_id":"cy1h4ugs2jhxv","chunk_label":"unnamed-chunk-3"},{"row":102,"row_count":1,"visible":true,"expansion_state":0,"options":{"engine":"r","label":"unnamed-chunk-51"},"document_id":"CF648650","chunk_id":"ce0pze29elkkm","chunk_label":"unnamed-chunk-4"},{"row":164,"row_count":1,"visible":true,"expansion_state":0,"options":{"engine":"r","label":"unnamed-chunk-52"},"document_id":"CF648650","chunk_id":"cs8pulaf9m205","chunk_label":"unnamed-chunk-5"},{"row":188,"row_count":1,"visible":true,"expansion_state":0,"options":{"engine":"r","label":"unnamed-chunk-53"},"document_id":"CF648650","chunk_id":"c0d96l8t8yey9","chunk_label":"unnamed-chunk-6"},{"row":232,"row_count":1,"visible":true,"expansion_state":0,"options":{"engine":"r","label":"unnamed-chunk-11"},"document_id":"CF648650","chunk_id":"ce3fxhi56hv81","chunk_label":"unnamed-chunk-7"},{"row":281,"row_count":1,"visible":true,"expansion_state":0,"options":{"engine":"r","label":"unnamed-chunk-54"},"document_id":"CF648650","chunk_id":"c63ys0nynzxh7","chunk_label":"unnamed-chunk-8"},{"row":310,"row_count":1,"visible":true,"expansion_state":0,"options":{"engine":"r","label":"unnamed-chunk-56"},"document_id":"CF648650","chunk_id":"cylt0g9d5fnw0","chunk_label":"unnamed-chunk-9"},{"row":387,"row_count":1,"visible":true,"expansion_state":0,"options":{"engine":"r","label":"unnamed-chunk-83"},"document_id":"CF648650","chunk_id":"cnz66aj3g39pt","chunk_label":"unnamed-chunk-10"},{"row":463,"row_count":1,"visible":true,"expansion_state":0,"options":{"engine":"r","label":"unnamed-chunk-87"},"document_id":"CF648650","chunk_id":"clpmlv0cntnli","chunk_label":"unnamed-chunk-11"},{"row":496,"row_count":1,"visible":true,"expansion_state":0,"options":{"engine":"r","label":"unnamed-chunk-88"},"document_id":"CF648650","chunk_id":"czvrzb040caw4","chunk_label":"unnamed-chunk-12"},{"row":530,"row_count":1,"visible":true,"expansion_state":0,"options":{"engine":"r","label":"unnamed-chunk-89"},"document_id":"CF648650","chunk_id":"c67az78dx92r3","chunk_label":"unnamed-chunk-13"},{"row":580,"row_count":1,"visible":true,"expansion_state":0,"options":{"engine":"r","label":"unnamed-chunk-60"},"document_id":"CF648650","chunk_id":"c07hdmuhtpqbg","chunk_label":"unnamed-chunk-14"},{"row":600,"row_count":1,"visible":true,"expansion_state":0,"options":{"engine":"r","label":"unnamed-chunk-61"},"document_id":"CF648650","chunk_id":"cwj4avf0qep8a","chunk_label":"unnamed-chunk-15"},{"row":642,"row_count":1,"visible":true,"expansion_state":0,"options":{"engine":"r","label":"unnamed-chunk-79"},"document_id":"CF648650","chunk_id":"c9a5q4qh5l5uy","chunk_label":"unnamed-chunk-16"},{"row":677,"row_count":1,"visible":true,"expansion_state":0,"options":{"engine":"r","label":"unnamed-chunk-80"},"document_id":"CF648650","chunk_id":"c2wxqvhkv6rd5","chunk_label":"unnamed-chunk-17"},{"row":727,"row_count":1,"visible":true,"expansion_state":0,"options":{"engine":"r","label":"unnamed-chunk-81"},"document_id":"CF648650","chunk_id":"cfm3kbhcszf8y","chunk_label":"unnamed-chunk-18"},{"row":785,"row_count":1,"visible":true,"expansion_state":0,"options":{"engine":"r","label":"unnamed-chunk-74"},"document_id":"CF648650","chunk_id":"c33hjfd4on6vs","chunk_label":"unnamed-chunk-19"},{"row":821,"row_count":1,"visible":true,"expansion_state":0,"options":{"engine":"r","label":"unnamed-chunk-77"},"document_id":"CF648650","chunk_id":"c7d4izlln0h0v","chunk_label":"unnamed-chunk-20"},{"row":881,"row_count":1,"visible":true,"expansion_state":0,"options":{"engine":"r","label":"unnamed-chunk-82"},"document_id":"CF648650","chunk_id":"ci833cjk8bwcp","chunk_label":"unnamed-chunk-21"}],"doc_write_time":1667658210,"chunk_rendered_width":642}