"0","d1 -> t"
"0","t %>% filter(t$`field|social.science`== 1 | t$`field|humanities` == 1) -> t"
"0","t %>% group_by(feasibility,probability) %>% tally() -> t"
"0","t %>% group_by(feasibility) %>% summarise(sum_n = sum(n)) %>% ungroup() -> t1"
"0","right_join(t,t1,by = ""feasibility"") -> t"
"0","t$share = t$n / t$sum_n * 100"
"0","t$group <- ""socialscience/humanities (61)"""
"0","t -> d"
"0",""
"0","d1 -> t"
"0","t %>% filter(t$`field|natural.science` == 1) -> t"
"0","t %>% group_by(feasibility,probability) %>% tally() -> t"
"0","t %>% group_by(feasibility) %>% summarise(sum_n = sum(n)) %>% ungroup() -> t1"
"0","right_join(t,t1,by = ""feasibility"") -> t"
"0","t$share = t$n / t$sum_n * 100"
"0","t$group <- ""natural science (76)"""
"0","rbind(t,d) -> d"
"0",""
"0","d %>%"
"0","  ggplot() +"
"0","  theme_bw() +"
"0","  labs(title = ""Feasibility"","
"0","  subtitle = ""To what extent do you think Japan's 2050 GHG reduction goal will be feasible?"","
"0","  x = """", y = ""Share (%)"") +"
"0","  geom_bar(aes(x = probability, y = share, fill = probability), stat = ""identity"") +"
"0","  scale_fill_brewer(palette=""RdYlGn"") +"
"0","  theme(axis.text.x = element_text(angle = 45, hjust = 1)) +"
"0","  facet_grid(feasibility~group) -> p"
"0",""
"0","print(p)"
