"0","t <- all_data[c(1:2,56:63)] "
"0","t %>% filter(experience == ""2-5Y"" | experience == ""5-10Y"") %>% count(desirability) -> t"
"0","t$n_group <- sum(t$n)"
"0","t$group <- ""10-Y (10/107)"""
"0","t -> d"
"0",""
"0","t <- all_data[c(1:2,56:63)] "
"0","t %>% filter(experience == ""10-15Y"") %>% count(desirability) -> t"
"0","t$n_group <- sum(t$n)"
"0","t$group <- ""10-15Y (19/107)"""
"0","rbind(t,d) -> d"
"0",""
"0","t <- all_data[c(1:2,56:63)] "
"0","t %>% filter(experience == ""15-20Y"") %>% count(desirability) -> t"
"0","t$n_group <- sum(t$n)"
"0","t$group <- ""15-20Y (27/107)"""
"0","rbind(t,d) -> d"
"0",""
"0","t <- all_data[c(1:2,56:63)] "
"0","t %>% filter(experience == ""20+Y"") %>% count(desirability) -> t"
"0","t$n_group <- sum(t$n)"
"0","t$group <- ""20+Y (51/107)"""
"0","rbind(t,d) -> d"
"0",""
"0","d$share = d$n / d$n_group * 100"
"0",""
"0","year_order <- c(""10-Y (10/107)"", ""10-15Y (19/107)"", ""15-20Y (27/107)"", ""20+Y (51/107)"")"
"0","d$group <- factor(d$group, levels = year_order)"
"0",""
"0","d %>%"
"0","  ggplot() +"
"0","  theme_bw() +"
"0","  labs(title = ""Desirablity"","
"0","  subtitle = ""What is the most desirable level of \nemissions reduction goal by 2050 in Japan?"","
"0","  x = ""Emissions reduction goal (x% reduction)"", y = ""Share (%)"") +"
"0","  geom_bar(aes(x = desirability, y = share, fill = desirability), stat = ""identity"") +"
"0","  scale_fill_brewer(palette=""RdYlGn"") +"
"0","  theme(axis.text.x = element_text(angle = 0, hjust = 0.5)) +"
"0","  #coord_flip()+"
"0","  #ylim(c(0, 1)) +"
"0","  theme(legend.position = ""none"") +"
"0","  facet_wrap(~group, nrow=1) -> p"
"0",""
"0","print(p)"
