"0","d %>% filter(group %in% c(""IPCC/IAM"", ""Others"", ""All"")) -> d"
"0",""
"0","d$group[d$group == ""IPCC/IAM""] <- ""IPCC/IAM(28/107)"""
"0","d$group[d$group == ""Others""] <- ""Others(79/107)"""
"0","d$group[d$group == ""All""] <- ""All(107/107)"""
"0",""
"0","d %>%"
"0","  ggplot() +"
"0","  theme_bw() +"
"0","  labs(title = ""Desirablity"","
"0","  subtitle = ""What is the most desirable level of \nemissions reduction goal by 2050 in Japan?"","
"0","  x = ""Emissions reduction goal (x% reduction)"", y = ""Share (%)"") +"
"0","  geom_bar(aes(x = desirability, y = share, fill = desirability), stat = ""identity"") +"
"0","  scale_fill_brewer(palette=""RdYlGn"") +"
"0","  theme(axis.text.x = element_text(angle = 0, hjust = 0.5)) +"
"0","  #coord_flip()+"
"0","  #ylim(c(0, 1)) +"
"0","  theme(legend.position = ""none"") +"
"0","  facet_wrap(~group, nrow=3) -> p"
"0",""
"0","print(p)"
