"0","t <- all_data[c(1,4,6,8,10,86,87)] "
"0","t <- gather(t, key=""feasibility"", value=""probability"", -c(""no"",""IAM"",""IPCC""))"
"0","t -> d1"
"0",""
"0","probability_order <- c("">= 90%"","">= 66%"",""33-66%"",""<=33%"",""<=10%"")"
"0","rev(probability_order) -> probability_order"
"0","d1$probability <- factor(d1$probability, levels = probability_order)"
"0",""
"0","feasibility_order <- c(""feasibility80"",""feasibility90"",""feasibility100"",""feasibility110"")"
"0","d1$feasibility <- factor(d1$feasibility, levels = feasibility_order)"
"0",""
"0",""
"0",""
"0","d1 -> t"
"0","t %>% filter(IAM == 1) -> t"
"0","t %>% group_by(feasibility,probability) %>% tally() -> t"
"0","t %>% group_by(feasibility) %>% summarise(sum_n = sum(n)) %>% ungroup() -> t1"
"0","right_join(t,t1,by = ""feasibility"") -> t"
"0","t$share = t$n / t$sum_n * 100"
"0","t$group <- ""IAM"""
"0","t -> d"
"0",""
"0","d1 -> t"
"0","t %>% filter(IPCC == 1) -> t"
"0","t %>% group_by(feasibility,probability) %>% tally() -> t"
"0","t %>% group_by(feasibility) %>% summarise(sum_n = sum(n)) %>% ungroup() -> t1"
"0","right_join(t,t1,by = ""feasibility"") -> t"
"0","t$share = t$n / t$sum_n * 100"
"0","t$group <- ""IPCC"""
"0","rbind(t,d) -> d"
"0",""
"0","d1 -> t"
"0","t %>% filter(IAM == 1 | IPCC == 1) -> t"
"0","t %>% group_by(feasibility,probability) %>% tally() -> t"
"0","t %>% group_by(feasibility) %>% summarise(sum_n = sum(n)) %>% ungroup() -> t1"
"0","right_join(t,t1,by = ""feasibility"") -> t"
"0","t$share = t$n / t$sum_n * 100"
"0","t$group <- ""IAM/IPCC"""
"0","rbind(t,d) -> d"
"0",""
"0","d1 -> t"
"0","t %>% filter(IPCC != 1 & IPCC != 1) -> t"
"0","t %>% group_by(feasibility,probability) %>% tally() -> t"
"0","t %>% group_by(feasibility) %>% summarise(sum_n = sum(n)) %>% ungroup() -> t1"
"0","right_join(t,t1,by = ""feasibility"") -> t"
"0","t$share = t$n / t$sum_n * 100"
"0","t$group <- ""Others"""
"0","rbind(t,d) -> d"
"0",""
"0",""
"0","d1 -> t"
"0","t %>% group_by(feasibility,probability) %>% tally() -> t"
"0","t %>% group_by(feasibility) %>% summarise(sum_n = sum(n)) %>% ungroup() -> t1"
"0","right_join(t,t1,by = ""feasibility"") -> t"
"0","t$share = t$n / t$sum_n * 100"
"0","t$group <- ""All"""
"0","rbind(t,d) -> d"
