"0","all_data[c(1,64:85)] -> t"
"0",""
"0",""
"0","t <- t %>% gather(key = barrier, value = value, -no)"
"0","t$variable <- substr(t$barrier, 1, regexpr(""\\|"",t$barrier)-1)"
"0","t$barrier  <- substr(t$barrier, regexpr(""\\|"",t$barrier)+1,nchar(t$barrier))"
"0","t$value    <- as.numeric(t$value)"
"0",""
"0","for (i in 1:nlevels(as.factor(t$barrier))){"
"0","  t[t$barrier %in% barrier_order[i],""barrier_short""] <- barrier_short[i]"
"0","}"
"0","t$barrier <- t$barrier_short"
"0","t <- t[colnames(t) != c(""barrier_short"")]"
"0","t$barrier  <- factor(t$barrier, levels = barrier_short)"
"0",""
"0","type <- data.frame(barrier = barrier_short, "
"0","                   type = c(""harder to model"","
"0","                            ""harder to model"","
"0","                            ""harder to model"","
"0","                            ""easier to model"","
"0","                            ""easier to model"","
"0","                            ""easier to model"","
"0","                            ""easier to model"","
"0","                            ""harder to model"","
"0","                            ""harder to model"","
"0","                            ""harder to model"","
"0","                            ""easier to model"","
"0","                            ""harder to model"","
"0","                            ""harder to model"","
"0","                            ""harder to model"","
"0","                            ""harder to model"","
"0","                            ""harder to model"","
"0","                            ""harder to model"","
"0","                            ""easier to model"","
"0","                            ""easier to model"","
"0","                            ""easier to model"","
"0","                            ""harder to model"","
"0","                            ""easier to model"""
"0","                            ))"
"0",""
"0","type"
