{"chunk_definitions":[{"row":23,"row_count":1,"visible":true,"expansion_state":0,"options":{"engine":"r","label":"unnamed-chunk-14"},"document_id":"CF648650","chunk_id":"cnqth6dxqakp9","chunk_label":"unnamed-chunk-1"},{"row":28,"row_count":1,"visible":true,"expansion_state":0,"options":{"engine":"r","label":"unnamed-chunk-17"},"document_id":"CF648650","chunk_id":"cg1st7wp09s3h","chunk_label":"unnamed-chunk-2"},{"row":47,"row_count":1,"visible":true,"expansion_state":0,"options":{"engine":"r","label":"unnamed-chunk-12"},"document_id":"CF648650","chunk_id":"cj3ru6vfheu29","chunk_label":"unnamed-chunk-3"}],"doc_write_time":1666053086}