"0","t <- all_data[c(1,4,6,8,10,56:63)] "
"0","t <- gather(t, key=""feasibility"", value=""probability"", -c(""no"",""affiliation|government"",""affiliation|industry"",""affiliation|civilsociety"",""affiliation|academia"",""field|natural.science"",""field|social.science"",""field|humanities"",""experience""))"
"0","t -> d1"
"0",""
"0","probability_order <- c("">= 90%"","">= 66%"",""33-66%"",""<=33%"",""<=10%"")"
"0","rev(probability_order) -> probability_order"
"0","d1$probability <- factor(d1$probability, levels = probability_order)"
"0",""
"0","feasibility_order <- c(""feasibility80"",""feasibility90"",""feasibility100"",""feasibility110"")"
"0","d1$feasibility <- factor(d1$feasibility, levels = feasibility_order)"
"0",""
"0",""
"0","d1 -> t"
"0","t %>% filter(t$`affiliation|government` == 1 | t$`affiliation|civilsociety` == 1) -> t"
"0","t %>% group_by(feasibility,probability) %>% tally() -> t"
"0","t %>% group_by(feasibility) %>% summarise(sum_n = sum(n)) %>% ungroup() -> t1"
"0","right_join(t,t1,by = ""feasibility"") -> t"
"0","t$share = t$n / t$sum_n * 100"
"0","t$group <- ""government/civilsociety (12)"""
"0","t -> d"
"0",""
"0","d1 -> t"
"0","t %>% filter(t$`affiliation|academia` == 1) -> t"
"0","t %>% group_by(feasibility,probability) %>% tally() -> t"
"0","t %>% group_by(feasibility) %>% summarise(sum_n = sum(n)) %>% ungroup() -> t1"
"0","right_join(t,t1,by = ""feasibility"") -> t"
"0","t$share = t$n / t$sum_n * 100"
"0","t$group <- ""academia (101)"""
"0","rbind(t,d) -> d"
"0",""
"0","d1 -> t"
"0","t %>% filter(t$`affiliation|industry` == 1) -> t"
"0","t %>% group_by(feasibility,probability) %>% tally() -> t"
"0","t %>% group_by(feasibility) %>% summarise(sum_n = sum(n)) %>% ungroup() -> t1"
"0","right_join(t,t1,by = ""feasibility"") -> t"
"0","t$share = t$n / t$sum_n * 100"
"0","t$group <- ""industry (12)"""
"0","rbind(t,d) -> d"
"0",""
"0","d %>%"
"0","  ggplot() +"
"0","  theme_bw() +"
"0","  labs(title = ""Feasibility"","
"0","  subtitle = ""To what extent do you think Japan's 2050 GHG reduction goal will be feasible?"","
"0","  x = """", y = ""Share (%)"") +"
"0","  geom_bar(aes(x = probability, y = share, fill = probability), stat = ""identity"") +"
"0","  scale_fill_brewer(palette=""RdYlGn"") +"
"0","  theme(axis.text.x = element_text(angle = 45, hjust = 1)) +"
"0","  facet_grid(feasibility~group) -> p"
"0",""
"0","print(p)"
