"0","d %>% filter(group %in% c(""IPCC/IAM"", ""Others"", ""All"")) -> d"
"0",""
"0","d$group[d$group == ""IPCC/IAM""] <- ""IPCC/IAM(29/108)"""
"0","d$group[d$group == ""Others""] <- ""Others(79/108)"""
"0","d$group[d$group == ""All""] <- ""All(108/108)"""
"0",""
"0","d %>%"
"0","  ggplot() +"
"0","  theme_bw() +"
"0","  labs(title = ""Feasibility"","
"0","  subtitle = ""To what extent do you think Japan's 2050 GHG reduction goal will be feasible?"","
"0","  x = """", y = ""Share (%)"") +"
"0","  geom_bar(aes(x = probability, y = share, fill = probability), stat = ""identity"") +"
"0","  scale_fill_brewer(palette=""RdYlGn"") +"
"0","  theme(axis.text.x = element_text(angle = 45, hjust = 1)) +"
"0","  #facet_grid(feasibility~group) -> p"
"0","  facet_grid(group~feasibility) -> p"
"0",""
"0","print(p)"
