"0","all_data[c(1,60:62)] -> group"
"0","right_join(barrier_all,group,by = ""no"") -> barrier_all"
"0","barrier_all %>% filter(barrier_all$`field|natural.science` == ""0"") -> barrier"
"1","[1m[33mError[39m in [38;5;232m`filter()`[39m:[22m
[38;5;232m[33m![38;5;232m Problem while computing `..1 = barrier_all$`field|natural.science` == ""0""`.
[31m✖[38;5;232m Input `..1` must be of size 2354 or 1, not size 0.[39m
Backtrace:
[90m 1. [39mbarrier_all %>% ...
[90m 3. [39m[38;5;232m[1m[94mdplyr:::filter.data.frame([38;5;232m[22m[39m., barrier_all$`field|natural.science` == ""0""[38;5;232m[1m[94m)[38;5;232m[22m[39m
"
