{"chunk_definitions":[{"row":23,"row_count":1,"visible":true,"expansion_state":0,"options":{"engine":"r","label":"unnamed-chunk-2"},"document_id":"CF648650","chunk_id":"cb6kut8cbbruq","chunk_label":"unnamed-chunk-1"},{"row":235,"row_count":1,"visible":true,"expansion_state":0,"options":{"engine":"r","label":"unnamed-chunk-9"},"document_id":"CF648650","chunk_id":"c5229cqrlwumy","chunk_label":"unnamed-chunk-7"},{"row":390,"row_count":1,"visible":true,"expansion_state":0,"options":{"engine":"r","label":"unnamed-chunk-14"},"document_id":"CF648650","chunk_id":"cmpp1akvwnmo5","chunk_label":"unnamed-chunk-10"},{"row":466,"row_count":1,"visible":true,"expansion_state":0,"options":{"engine":"r","label":"unnamed-chunk-15"},"document_id":"CF648650","chunk_id":"cmgkqcalda1fk","chunk_label":"unnamed-chunk-11"},{"row":499,"row_count":1,"visible":true,"expansion_state":0,"options":{"engine":"r","label":"unnamed-chunk-10"},"document_id":"CF648650","chunk_id":"crbz0wtpq7xoe","chunk_label":"unnamed-chunk-12"},{"row":598,"row_count":1,"visible":true,"expansion_state":0,"options":{"engine":"r","label":"unnamed-chunk-22"},"document_id":"CF648650","chunk_id":"ctex23zlczd3z","chunk_label":"unnamed-chunk-15"},{"row":648,"row_count":1,"visible":true,"expansion_state":0,"options":{"engine":"r","label":"unnamed-chunk-12"},"document_id":"CF648650","chunk_id":"clk7oi7letsky","chunk_label":"unnamed-chunk-16"},{"row":668,"row_count":1,"visible":true,"expansion_state":0,"options":{"engine":"r","label":"unnamed-chunk-13"},"document_id":"CF648650","chunk_id":"cxq74m9trn7di","chunk_label":"unnamed-chunk-17"},{"row":706,"row_count":1,"visible":true,"expansion_state":0,"options":{"engine":"r","label":"unnamed-chunk-3"},"document_id":"CF648650","chunk_id":"c5pvu6fhtlolp","chunk_label":"unnamed-chunk-18"},{"row":743,"row_count":1,"visible":true,"expansion_state":0,"options":{"engine":"r","label":"unnamed-chunk-4"},"document_id":"CF648650","chunk_id":"c9wb4djg9fzjw","chunk_label":"unnamed-chunk-19"},{"row":788,"row_count":1,"visible":true,"expansion_state":0,"options":{"engine":"r","label":"unnamed-chunk-5"},"document_id":"CF648650","chunk_id":"cnfwfwq0y4xcn","chunk_label":"unnamed-chunk-20"},{"row":837,"row_count":1,"visible":true,"expansion_state":0,"options":{"engine":"r","label":"unnamed-chunk-6"},"document_id":"CF648650","chunk_id":"crn9cudhp98o0","chunk_label":"unnamed-chunk-21"},{"row":873,"row_count":1,"visible":true,"expansion_state":0,"options":{"engine":"r","label":"unnamed-chunk-7"},"document_id":"CF648650","chunk_id":"ccaq8wzuvsfnx","chunk_label":"unnamed-chunk-22"},{"row":925,"row_count":1,"visible":true,"expansion_state":0,"options":{"engine":"r","label":"unnamed-chunk-8"},"document_id":"CF648650","chunk_id":"cnpt616m3xnxg","chunk_label":"unnamed-chunk-23"}],"doc_write_time":1685505523,"chunk_rendered_width":700}