{"chunk_definitions":[{"row":23,"row_count":1,"visible":true,"expansion_state":0,"options":{"engine":"r","label":"unnamed-chunk-1"},"document_id":"CF648650","chunk_id":"cnqth6dxqakp9","chunk_label":"unnamed-chunk-1"},{"row":28,"row_count":1,"visible":true,"expansion_state":0,"options":{"engine":"r","label":"unnamed-chunk-2"},"document_id":"CF648650","chunk_id":"cpb6yn6188fqg","chunk_label":"unnamed-chunk-2"},{"row":75,"row_count":1,"visible":true,"expansion_state":0,"options":{"engine":"r","label":"unnamed-chunk-3"},"document_id":"CF648650","chunk_id":"cy1h4ugs2jhxv","chunk_label":"unnamed-chunk-3"},{"row":102,"row_count":1,"visible":true,"expansion_state":0,"options":{"engine":"r","label":"unnamed-chunk-4"},"document_id":"CF648650","chunk_id":"ce0pze29elkkm","chunk_label":"unnamed-chunk-4"},{"row":164,"row_count":1,"visible":true,"expansion_state":0,"options":{"engine":"r","label":"unnamed-chunk-5"},"document_id":"CF648650","chunk_id":"cs8pulaf9m205","chunk_label":"unnamed-chunk-5"},{"row":188,"row_count":1,"visible":true,"expansion_state":0,"options":{"engine":"r","label":"unnamed-chunk-6"},"document_id":"CF648650","chunk_id":"c0d96l8t8yey9","chunk_label":"unnamed-chunk-6"},{"row":232,"row_count":1,"visible":true,"expansion_state":0,"options":{"engine":"r","label":"unnamed-chunk-7"},"document_id":"CF648650","chunk_id":"ce3fxhi56hv81","chunk_label":"unnamed-chunk-7"},{"row":281,"row_count":1,"visible":true,"expansion_state":0,"options":{"engine":"r","label":"unnamed-chunk-8"},"document_id":"CF648650","chunk_id":"c63ys0nynzxh7","chunk_label":"unnamed-chunk-8"},{"row":310,"row_count":1,"visible":true,"expansion_state":0,"options":{"engine":"r","label":"unnamed-chunk-9"},"document_id":"CF648650","chunk_id":"cylt0g9d5fnw0","chunk_label":"unnamed-chunk-9"},{"row":387,"row_count":1,"visible":true,"expansion_state":0,"options":{"engine":"r","label":"unnamed-chunk-10"},"document_id":"CF648650","chunk_id":"cnz66aj3g39pt","chunk_label":"unnamed-chunk-10"},{"row":463,"row_count":1,"visible":true,"expansion_state":0,"options":{"engine":"r","label":"unnamed-chunk-11"},"document_id":"CF648650","chunk_id":"clpmlv0cntnli","chunk_label":"unnamed-chunk-11"},{"row":496,"row_count":1,"visible":true,"expansion_state":0,"options":{"engine":"r","label":"unnamed-chunk-12"},"document_id":"CF648650","chunk_id":"czvrzb040caw4","chunk_label":"unnamed-chunk-12"},{"row":530,"row_count":1,"visible":true,"expansion_state":0,"options":{"engine":"r","label":"unnamed-chunk-13"},"document_id":"CF648650","chunk_id":"c67az78dx92r3","chunk_label":"unnamed-chunk-13"},{"row":580,"row_count":1,"visible":true,"expansion_state":0,"options":{"engine":"r","label":"unnamed-chunk-14"},"document_id":"CF648650","chunk_id":"c07hdmuhtpqbg","chunk_label":"unnamed-chunk-14"},{"row":600,"row_count":1,"visible":true,"expansion_state":0,"options":{"engine":"r","label":"unnamed-chunk-16"},"document_id":"CF648650","chunk_id":"cwj4avf0qep8a","chunk_label":"unnamed-chunk-15"}],"doc_write_time":1667530385}