{"chunk_definitions":[{"row":23,"row_count":1,"visible":true,"expansion_state":0,"options":{"engine":"r","label":"unnamed-chunk-2"},"document_id":"CF648650","chunk_id":"cryeq2wdzbkwx","chunk_label":"unnamed-chunk-1"},{"row":28,"row_count":1,"visible":true,"expansion_state":0,"options":{"engine":"r","label":"unnamed-chunk-3"},"document_id":"CF648650","chunk_id":"ch4y8xkcf7j8d","chunk_label":"unnamed-chunk-2"},{"row":75,"row_count":1,"visible":true,"expansion_state":0,"options":{"engine":"r","label":"unnamed-chunk-4"},"document_id":"CF648650","chunk_id":"ca8470uxi1wdm","chunk_label":"unnamed-chunk-3"},{"row":104,"row_count":1,"visible":true,"expansion_state":0,"options":{"engine":"r","label":"unnamed-chunk-5"},"document_id":"CF648650","chunk_id":"c5t4unlx28718","chunk_label":"unnamed-chunk-4"},{"row":168,"row_count":1,"visible":true,"expansion_state":0,"options":{"engine":"r","label":"unnamed-chunk-6"},"document_id":"CF648650","chunk_id":"c2on0u0717kx5","chunk_label":"unnamed-chunk-5"},{"row":194,"row_count":1,"visible":true,"expansion_state":0,"options":{"engine":"r","label":"unnamed-chunk-7"},"document_id":"CF648650","chunk_id":"cea0u7d58i6go","chunk_label":"unnamed-chunk-6"},{"row":238,"row_count":1,"visible":true,"expansion_state":0,"options":{"engine":"r","label":"unnamed-chunk-8"},"document_id":"CF648650","chunk_id":"c48vc80nz2m8c","chunk_label":"unnamed-chunk-7"},{"row":287,"row_count":1,"visible":true,"expansion_state":0,"options":{"engine":"r","label":"unnamed-chunk-9"},"document_id":"CF648650","chunk_id":"cxgz9ez2j049w","chunk_label":"unnamed-chunk-8"},{"row":317,"row_count":1,"visible":true,"expansion_state":0,"options":{"engine":"r","label":"unnamed-chunk-10"},"document_id":"CF648650","chunk_id":"c1y9dc548kab8","chunk_label":"unnamed-chunk-9"},{"row":394,"row_count":1,"visible":true,"expansion_state":0,"options":{"engine":"r","label":"unnamed-chunk-11"},"document_id":"CF648650","chunk_id":"ctys3jw0cz6z2","chunk_label":"unnamed-chunk-10"},{"row":471,"row_count":1,"visible":true,"expansion_state":0,"options":{"engine":"r","label":"unnamed-chunk-12"},"document_id":"CF648650","chunk_id":"c97f9g78xc9xx","chunk_label":"unnamed-chunk-11"},{"row":520,"row_count":1,"visible":true,"expansion_state":0,"options":{"engine":"r","label":"unnamed-chunk-14"},"document_id":"CF648650","chunk_id":"ctadchjfjcoev","chunk_label":"unnamed-chunk-12"},{"row":540,"row_count":1,"visible":true,"expansion_state":0,"options":{"engine":"r","label":"unnamed-chunk-15"},"document_id":"CF648650","chunk_id":"c2lpw59cfq6gr","chunk_label":"unnamed-chunk-13"}],"doc_write_time":1695207509,"chunk_rendered_width":700}