"0","p <- "
"0","  ggplot(data = t, aes(x = reorder(x = barrier, X = value, FUN = median), "
"0","                       y = value, fill = type)) + "
"0","  geom_boxplot(outlier.colour = NA, color = ""dark grey"") + "
"0","  geom_jitter(size=0.3) + "
"0","  scale_fill_brewer(palette=""BuPu"",direction = -1) +"
"0","  scale_y_log10() + "
"0","  theme_bw() +"
"0","  coord_flip() +"
"0","  labs(title = ""Risk of all barriers"", subtitle = ""median order"", x = """", y = ""risk (log10)"") "
"0",""
"0","print(p)"
