{"chunk_definitions":[{"row":23,"row_count":1,"visible":true,"expansion_state":0,"options":{"engine":"r","label":"unnamed-chunk-2"},"document_id":"FCA1F5D1","chunk_id":"ctbwx07cdnt1s","chunk_label":"unnamed-chunk-1"},{"row":28,"row_count":1,"visible":true,"expansion_state":0,"options":{"engine":"r","label":"unnamed-chunk-3"},"document_id":"FCA1F5D1","chunk_id":"cextljmcz1qcu","chunk_label":"unnamed-chunk-2"},{"row":75,"row_count":1,"visible":true,"expansion_state":0,"options":{"engine":"r","label":"unnamed-chunk-4"},"document_id":"FCA1F5D1","chunk_id":"casnwsvdl508a","chunk_label":"unnamed-chunk-3"},{"row":102,"row_count":1,"visible":true,"expansion_state":0,"options":{"engine":"r","label":"unnamed-chunk-6"},"document_id":"FCA1F5D1","chunk_id":"cyfbg6oq3t4lj","chunk_label":"unnamed-chunk-4"},{"row":166,"row_count":1,"visible":true,"expansion_state":0,"options":{"engine":"r","label":"unnamed-chunk-7"},"document_id":"FCA1F5D1","chunk_id":"c7nq6l34x3lbt","chunk_label":"unnamed-chunk-5"},{"row":191,"row_count":1,"visible":true,"expansion_state":0,"options":{"engine":"r","label":"unnamed-chunk-8"},"document_id":"FCA1F5D1","chunk_id":"cupj6u8mv0uko","chunk_label":"unnamed-chunk-6"},{"row":235,"row_count":1,"visible":true,"expansion_state":0,"options":{"engine":"r","label":"unnamed-chunk-9"},"document_id":"FCA1F5D1","chunk_id":"cckzvee1pr5ke","chunk_label":"unnamed-chunk-7"},{"row":284,"row_count":1,"visible":true,"expansion_state":0,"options":{"engine":"r","label":"unnamed-chunk-12"},"document_id":"FCA1F5D1","chunk_id":"cerxscrihodlm","chunk_label":"unnamed-chunk-8"},{"row":313,"row_count":1,"visible":true,"expansion_state":0,"options":{"engine":"r","label":"unnamed-chunk-13"},"document_id":"FCA1F5D1","chunk_id":"cdohbzlujj4l4","chunk_label":"unnamed-chunk-9"},{"row":390,"row_count":1,"visible":true,"expansion_state":0,"options":{"engine":"r","label":"unnamed-chunk-14"},"document_id":"FCA1F5D1","chunk_id":"cp0480ai8oj91","chunk_label":"unnamed-chunk-10"},{"row":466,"row_count":1,"visible":true,"expansion_state":0,"options":{"engine":"r","label":"unnamed-chunk-15"},"document_id":"FCA1F5D1","chunk_id":"c2pnxi26hkkay","chunk_label":"unnamed-chunk-11"},{"row":648,"row_count":1,"visible":true,"expansion_state":0,"options":{"engine":"r","label":"unnamed-chunk-16"},"document_id":"FCA1F5D1","chunk_id":"cs6a90gmx8cuf","chunk_label":"unnamed-chunk-16"},{"row":668,"row_count":1,"visible":true,"expansion_state":0,"options":{"engine":"r","label":"unnamed-chunk-17"},"document_id":"FCA1F5D1","chunk_id":"ccvbl6myilhrv","chunk_label":"unnamed-chunk-17"}],"doc_write_time":1694505416,"chunk_rendered_width":700}