"0","all_data$desirability[all_data$desirability == ""desirability50""] <- 50"
"0","all_data$desirability[all_data$desirability == ""desirability60""] <- 60"
"0","all_data$desirability[all_data$desirability == ""desirability70""] <- 70"
"0","all_data$desirability[all_data$desirability == ""desirability80""] <- 80"
"0","all_data$desirability[all_data$desirability == ""desirability90""] <- 90"
"0","all_data$desirability[all_data$desirability == ""desirability100""] <- 100"
"0","all_data$desirability[all_data$desirability == ""desirability100+""] <- ""100+"""
"0",""
"0","desirability_order <- c(50,60,70,80,90,100,""100+"")"
"0","all_data$desirability  <- factor(all_data$desirability, levels = desirability_order)"
"0",""
"0","t <- all_data[c(1:2,86,87)] "
"0","t %>% filter(IAM == 1) %>% count(desirability) -> t"
"0","t$n_group <- sum(t$n)"
"0","t$group <- ""IAM"""
"0","t -> d"
"0",""
"0","t <- all_data[c(1:2,86,87)] "
"0","t %>% filter(IPCC == 1) %>% count(desirability) -> t"
"0","t$n_group <- sum(t$n)"
"0","t$group <- ""IPCC"""
"0","rbind(t,d) -> d"
"0",""
"0","t <- all_data[c(1:2,86,87)] "
"0","t %>% filter(IAM == 1 | IPCC == 1) %>% count(desirability) -> t"
"0","t$n_group <- sum(t$n)"
"0","t$group <- ""IAM/IPCC"""
"0","rbind(t,d) -> d"
"0",""
"0","t <- all_data[c(1:2,86,87)] "
"0","t %>% filter(IAM == 0 & IPCC == 0) %>% count(desirability) -> t"
"0","t$n_group <- sum(t$n)"
"0","t$group <- ""Others"""
"0","rbind(t,d) -> d"
"0",""
"0","t <- all_data[c(1:2,86,87)] "
"0","t %>% count(desirability) -> t"
"0","t$n_group <- sum(t$n)"
"0","t$group <- ""All"""
"0","rbind(t,d) -> d"
"0",""
"0","d$share = d$n / d$n_group * 100"
