{"chunk_definitions":[{"row":23,"row_count":1,"visible":true,"expansion_state":0,"options":{"engine":"r","label":"unnamed-chunk-2"},"document_id":"CF648650","chunk_id":"cb6kut8cbbruq","chunk_label":"unnamed-chunk-1"},{"row":235,"row_count":1,"visible":true,"expansion_state":0,"options":{"engine":"r","label":"unnamed-chunk-9"},"document_id":"CF648650","chunk_id":"c5229cqrlwumy","chunk_label":"unnamed-chunk-7"},{"row":641,"row_count":1,"visible":true,"expansion_state":0,"options":{"engine":"r","label":"unnamed-chunk-3"},"document_id":"CF648650","chunk_id":"c5pvu6fhtlolp","chunk_label":"unnamed-chunk-16"},{"row":678,"row_count":1,"visible":true,"expansion_state":0,"options":{"engine":"r","label":"unnamed-chunk-4"},"document_id":"CF648650","chunk_id":"c9wb4djg9fzjw","chunk_label":"unnamed-chunk-17"},{"row":723,"row_count":1,"visible":true,"expansion_state":0,"options":{"engine":"r","label":"unnamed-chunk-5"},"document_id":"CF648650","chunk_id":"cnfwfwq0y4xcn","chunk_label":"unnamed-chunk-18"},{"row":772,"row_count":1,"visible":true,"expansion_state":0,"options":{"engine":"r","label":"unnamed-chunk-6"},"document_id":"CF648650","chunk_id":"crn9cudhp98o0","chunk_label":"unnamed-chunk-19"},{"row":808,"row_count":1,"visible":true,"expansion_state":0,"options":{"engine":"r","label":"unnamed-chunk-7"},"document_id":"CF648650","chunk_id":"ccaq8wzuvsfnx","chunk_label":"unnamed-chunk-20"},{"row":860,"row_count":1,"visible":true,"expansion_state":0,"options":{"engine":"r","label":"unnamed-chunk-8"},"document_id":"CF648650","chunk_id":"cnpt616m3xnxg","chunk_label":"unnamed-chunk-21"}],"doc_write_time":1684756760}